episodes,raw_rewards,shaped_rewards,rolling_avg,ep_lengths,td_losses,mean_qs,epsilons,variant
0,-347.83186075510366,-352.62186075510374,-347.83186075510366,115,2.6726869971900413,-0.4987374102770315,0.992,d3qn
1,-90.54001935508958,-93.71001935508951,-219.18594005509664,73,29.26046711004682,-3.3438604866861885,0.9840639999999999,d3qn
2,-164.50629809380953,-168.3662980938094,-200.9593927346676,94,47.6209832799806,-10.094286742836925,0.9761914879999999,d3qn
3,-260.61515502744555,-264.1551550274456,-215.87333330786208,84,58.79478393250314,-14.35724159267763,0.9683819560959999,d3qn
4,-97.24142259729817,-100.10142259729817,-192.1469511657493,68,54.36733456921496,-13.73092930094335,0.9606349004472319,d3qn
5,-94.65460748482677,-99.37460748482674,-175.8982272189289,116,50.779470677277835,-8.511950436173647,0.952949821243654,d3qn
6,-132.4358718759915,-136.19587187599143,-169.689319312795,83,54.53080560150399,-7.808938855546533,0.9453262226737048,d3qn
7,-336.2298745584842,-340.4198745584843,-190.5068887185061,97,64.42694995509139,1.1498693568744074,0.9377636128923151,d3qn
8,-117.12468629397601,-120.29468629397599,-182.3533106713361,73,51.49832977418803,-7.180112774609399,0.9302615039891766,d3qn
9,-402.99112545069505,-407.06112545069504,-204.417092149272,97,65.50106386385266,2.4519543377045117,0.9228194119572632,d3qn
10,-94.7638790471884,-97.39387904718836,-194.44861823090076,64,57.8589256904019,-7.45243507986216,0.9154368566616051,d3qn
11,-225.83033758393282,-230.52033758393281,-197.0637615103201,107,71.02946339104265,-5.772702443393123,0.9081133618083123,d3qn
12,-147.45406250542817,-150.5240625054281,-193.2476308176361,74,65.50078883320779,-11.172783145140908,0.9008484549138458,d3qn
13,-92.06700454394482,-95.6970045439448,-186.02044322665816,81,68.92229677355772,-10.053695446440035,0.893641667274535,d3qn
14,-190.7605267176519,-193.62052671765184,-186.33644879272438,65,71.23478629722128,-22.442745078757085,0.8864925339363386,d3qn
15,-321.66405601969836,-325.87405601969846,-194.79442424441027,101,69.45098130550164,-10.949176364409956,0.8794005936648479,d3qn
16,-145.47483900509928,-149.83483900509927,-191.8932721715096,104,65.55254833713155,-14.855165336464962,0.8723653889155292,d3qn
17,-190.46419407364644,-194.77419407364644,-191.81387894385054,106,78.21024558938569,-9.365439686554648,0.865386465804205,d3qn
18,-165.99723219277948,-171.79723219277946,-190.45510806221523,131,58.64193277134158,-15.689922857761696,0.8584633740777713,d3qn
19,-139.71973168480474,-144.29973168480464,-187.9183392433447,109,67.70369941930113,-14.230176691293776,0.8515956670851491,d3qn
20,-104.2652409706694,-107.78524097066935,-183.93485837321728,83,51.300170855218326,-15.23906928166111,0.8447829017484679,d3qn
21,-102.22528609534415,-105.78528609534413,-180.22078690604124,88,61.13216951457115,-17.44041770634436,0.8380246385344802,d3qn
22,-49.417428652158335,-52.98742865215836,-174.53368437326372,84,65.63838653393734,-18.850569096801355,0.8313204414262043,d3qn
23,-255.77599850659732,-260.25599850659734,-177.918780795486,104,53.66007945275316,-21.92436215947157,0.8246698778947946,d3qn
24,-155.29574745255675,-159.80574745255674,-177.01385946176882,110,50.95990926673901,-8.32401352796605,0.8180725188716362,d3qn
25,-400.0233402899935,-406.4333402899936,-185.5911471859313,151,59.567443219086684,0.442441646475826,0.8115279387206631,d3qn
26,-373.7775462003349,-377.69754620033484,-192.5610138160944,94,52.4903550769989,-23.448196683966227,0.8050357152108978,d3qn
27,-256.4386800703026,-260.69868007030254,-194.84235903945896,99,55.473659262026494,-14.096659453149812,0.7985954294892106,d3qn
28,-369.37786152399735,-373.21786152399727,-200.86082464237407,87,54.79816232410134,-5.810696730037422,0.7922066660532969,d3qn
29,-326.77564749631256,-332.4056474963124,-205.05798540417203,136,48.58696623114499,-2.486181235286038,0.7858690127248705,d3qn
30,-218.16543512526874,-223.17543512526868,-205.4808063629171,117,53.42969590865986,-16.281820070215566,0.7795820606230716,d3qn
31,-203.77459182704166,-209.68459182704157,-205.427487158671,132,49.2465072671831,-13.82256410969978,0.773345404138087,d3qn
32,-459.741707468499,-465.0217074684991,-213.13397868321124,117,41.393283873064846,-6.696452222727216,0.7671586409049822,d3qn
33,-255.60540104268924,-258.98540104268915,-214.38313816437238,79,44.89683380721228,-20.473575217578574,0.7610213717777423,d3qn
34,-255.7999200618015,-260.19992006180144,-215.56647479001322,103,43.596655862193735,-17.132311162989993,0.7549332008035203,d3qn
35,-204.82258725504573,-209.9925872550457,-215.26803346959744,116,40.202806692439644,-20.083116734254784,0.7488937351970921,d3qn
36,-250.11463236888915,-257.05463236888903,-216.20983343984855,158,40.72168502425257,-16.19563225409816,0.7429025853155153,d3qn
37,-160.99011759392238,-163.99011759392238,-214.7566830228505,72,50.477875734614,-27.536425852703907,0.7369593646329912,d3qn
38,-133.0241925563845,-138.18419255638446,-212.66097813909496,111,43.876319603960205,-23.315665861758156,0.7310636897159273,d3qn
39,-446.04910166780485,-451.3591016678051,-218.4956812273127,123,44.82435513896594,-19.72529444227436,0.7252151801981999,d3qn
40,-536.1909001430013,-540.3809001430012,-226.2443451033051,94,45.79627910227151,-31.20321475666875,0.7194134587566142,d3qn
41,-187.09448232302844,-193.04448232302832,-225.31220551329855,131,39.35487494722995,-25.485871369421794,0.7136581510865613,d3qn
42,-431.62460168206565,-436.9746016820656,-230.11016821489778,125,44.70967351827111,-28.00680742404762,0.7079488858778687,d3qn
43,-283.68801493964094,-289.15801493964085,-231.32784654955103,122,36.389545632469044,10.932030881273834,0.7022852947908458,d3qn
44,-67.29872858627449,-72.19872858627447,-227.682755039256,113,43.196846434525845,-27.34019748679127,0.696667012432519,d3qn
45,-350.5251741489627,-354.23517414896276,-230.35324241120614,85,35.629531566114295,-24.54236611450954,0.6910936763330588,d3qn
46,-99.81999377732107,-107.50999377732096,-227.57593924878304,167,37.598831970022324,-33.61647337341843,0.6855649269223943,d3qn
47,-296.00498544706795,-300.9749854470679,-229.00154437791397,106,37.15989977511717,-41.85881186332882,0.6800804075070151,d3qn
48,-499.1932613237377,-505.0732613237376,-234.51566105027769,132,38.91424899683831,-3.3823311609269737,0.674639764246959,d3qn
49,-123.21609566719664,-131.46609566719664,-232.28966974261607,183,44.9777362455103,-32.34245176996083,0.6692426461329833,d3qn
50,-429.6860992933485,-437.4860992933485,-236.16018796910103,177,44.214236632727385,-23.140424570435258,0.6638887049639195,d3qn
51,-251.05182821860677,-256.23182821860667,-236.4465656662069,118,39.68579983300176,-37.27294481313519,0.6585775953242081,d3qn
52,-108.72335382178784,-113.45335382178781,-234.0366937446141,103,35.57792887314443,-42.8981747517838,0.6533089745616144,d3qn
53,-51.640915383501735,-56.91091538350176,-230.65899414533422,124,41.21600989032523,-35.47417149648932,0.6480825027651215,d3qn
54,-197.4926538259745,-202.0126538259743,-230.05596977589133,100,42.436207853918596,-26.693503391827406,0.6428978427430005,d3qn
55,-303.6646880032037,-315.79468800320353,-231.37041117280765,266,38.988081871283306,-22.24413430012298,0.6377546600010565,d3qn
56,-165.45398366999086,-169.99398366999083,-230.21398262012664,104,31.54926135537377,-43.53925585371008,0.632652622721048,d3qn
57,-59.596245156867774,-65.82624515686773,-227.2722974914498,136,42.061692372068094,-41.318535788965924,0.6275914017392796,d3qn
58,-439.9925264158215,-446.4125264158212,-230.87772510033744,138,35.848684960274525,-23.793554446503205,0.6225706705253654,d3qn
59,-3.1731320654076285,-7.063132065407615,-227.08264854975525,88,36.61178738081733,-48.31190643706239,0.6175901051611625,d3qn
60,-347.2335080306311,-353.07350803063105,-229.05233477075322,130,44.69132074708695,-28.68896731383582,0.6126493843198733,d3qn
61,-436.3129983686781,-442.93299836867806,-232.39524869975202,157,46.450649643988044,-26.78936438379551,0.6077481892453143,d3qn
62,-388.9920347575979,-393.57203475759786,-234.88091197051145,106,34.71619743657248,-31.168444023788492,0.6028862037313517,d3qn
63,-390.4489668854845,-394.1789668854845,-237.31166282855793,80,48.031401949766874,-47.49079796528538,0.5980631141015009,d3qn
64,-338.2918543307216,-342.07185433072146,-238.86520423628355,81,54.85678377349154,-44.71614157973846,0.5932786091886889,d3qn
65,-174.2021226611988,-177.3721226611988,-237.88546057605498,79,50.45341743125691,-55.74660490288772,0.5885323803151794,d3qn
66,-65.42370754768913,-71.0637075476891,-235.31140456070625,126,34.781773404980285,-50.758858936230666,0.5838241212726579,d3qn
67,-245.8261466337294,-251.19614663372926,-235.46603312060364,117,38.69263025147224,-49.60890706786818,0.5791535283024767,d3qn
68,-308.1585282875071,-313.80852828750704,-236.5195475433124,125,34.18179754386629,-58.70032351002947,0.5745203000760568,d3qn
69,-69.01463612090596,-74.05463612090597,-234.126620237278,111,35.917824132488334,-59.5081220482284,0.5699241376754484,d3qn
70,-146.8484524918558,-151.28845249185594,-232.89735026903261,108,36.7272242447484,-45.93907420838365,0.5653647445740447,d3qn
71,-82.20948497433514,-88.70948497433508,-230.8044632510507,142,30.953155525193196,-58.673553016219365,0.5608418266174524,d3qn
72,-184.80733443452243,-189.6673344345224,-230.17436559602973,114,34.137853497687715,-62.5162131839914,0.5563550920045128,d3qn
73,-21.453314979227073,-26.203314979227073,-227.35381085796482,104,35.414192712026775,-61.75928099166596,0.5519042512684768,d3qn
74,-157.200805908682,-161.70080590868193,-226.41843745864102,105,29.980471395443658,-51.00352662701427,0.5474890172583289,d3qn
75,-256.70017720030614,-266.29017720030606,-226.8168814026103,211,33.65048101906427,-40.76741599841746,0.5431091051202622,d3qn
76,-585.1223521048965,-592.5823521048966,-231.4701992039387,169,32.04493519096864,-42.87023276812589,0.5387642322793001,d3qn
77,-111.21594409866293,-118.13594409866288,-229.92847798464027,157,28.42363302973049,-52.173666247598305,0.5344541184210657,d3qn
78,-285.72421903141793,-292.78421903141793,-230.63475318776403,158,27.82110762961622,-57.37762317706417,0.5301784854736972,d3qn
79,-376.8488504467669,-380.53885044676673,-232.46242940350166,81,28.253531352809972,-55.58999270145741,0.5259370575899076,d3qn
80,-346.01052960210404,-351.1005296021041,-233.86425780101527,115,31.570634649728486,-63.26909663050879,0.5217295611291883,d3qn
81,-111.82940437504527,-116.69940437504525,-232.37602788118636,104,23.67338986117733,-57.614482308886004,0.5175557246401549,d3qn
82,-359.48594927800184,-363.01594927800164,-233.9074727172926,79,25.66372482119192,-65.95016915392945,0.5134152788430336,d3qn
83,-217.6516936340563,-225.54169363405617,-233.71395153773022,174,27.410593239010193,-45.32989085555682,0.5093079566122893,d3qn
84,-180.6602349347658,-185.62023493476573,-233.08979016593068,107,28.167236565044746,-50.14252989516842,0.505233492959391,d3qn
85,-361.74830115395685,-365.1083011539568,-234.58581936346584,69,29.041079562627385,-57.23096881358947,0.5011916250157159,d3qn
86,-440.4614350037437,-444.4714350037438,-236.9522057501357,91,25.484023190810984,-51.8491345044182,0.49718209201559016,d3qn
87,-278.67193415031625,-287.7819341503163,-237.42629357286503,193,21.650137536409996,-50.59535538211749,0.49320463527946545,d3qn
88,-213.28856195032793,-220.69856195032781,-237.15508310519607,162,17.513676468651436,-55.16039412656678,0.48925899819722973,d3qn
89,-13.7836730677693,-20.563673067769457,-234.67317854922467,150,22.655412157642633,-54.178990731980264,0.4853449262116519,d3qn
90,-424.1463400728125,-433.25634007281246,-236.75530120333005,205,22.746682913985783,-39.029778132445756,0.48146216680195864,d3qn
91,-369.86511982869786,-383.085119828698,-238.2021470579536,295,23.894514462213753,-44.87186967826984,0.477610469467543,d3qn
92,-215.7633113497492,-219.7433113497491,-237.9608692546396,88,18.842208390944553,-39.04659455073334,0.47378958571180263,d3qn
93,-621.8025383756891,-629.0325383756892,-242.04429126656566,159,20.117192209274556,-52.070587281629976,0.4699992690261082,d3qn
94,-240.94277832055812,-249.412778320558,-242.03269639344978,194,20.33802835578068,-46.83521008669775,0.4662392748738994,d3qn
95,-344.35274343769777,-350.90274343769767,-243.09853021682736,146,20.162515650593086,-46.404231036305674,0.46250936067490817,d3qn
96,-309.1393786184605,-326.53937861846055,-243.77936370550398,369,20.166502383394402,-45.35808018229392,0.4588092857895089,d3qn
97,-271.9427740634587,-275.8127740634591,-244.06674544385046,105,24.502607693651466,-49.7259515833813,0.45513881150319285,d3qn
98,-173.52423359529786,-178.11423359529778,-243.3541948191176,102,19.34652527379214,-43.731835056420714,0.4514977010111673,d3qn
99,-161.67174925876753,-170.0817492587674,-242.5373703635141,185,19.89713670109535,-52.465417360718604,0.447885719403078,d3qn
100,-275.6779784136751,-281.7279784136749,-241.8158315400998,136,20.260005203512584,-44.858306944780246,0.44430263364785333,d3qn
101,-297.1122342945988,-302.86223429459864,-243.88155368949487,124,19.144625991195966,-45.30111123732257,0.4407482125786705,d3qn
102,-194.91679528270475,-199.52679528270465,-244.18565866138385,97,15.168469767175296,-46.52172347435903,0.43722222687804113,d3qn
103,-247.73600874155903,-252.8760087415588,-244.05686719852497,119,17.469249009018636,-46.59084896277459,0.4337244490630168,d3qn
104,-205.3260305975825,-210.61603059758247,-245.1377132785278,119,17.92994449293366,-45.86689986523057,0.43025465347051267,d3qn
105,-117.30082557393331,-121.8008255739333,-245.36417545941887,99,18.35652950525559,-51.73251959383761,0.4268126162427486,d3qn
106,-354.3516367622927,-361.1116367622925,-247.58333310828192,143,19.473350697854077,-55.478759981708336,0.4233981153128066,d3qn
107,-386.9589828052565,-392.59898280525636,-248.09062419074962,123,19.29565172987381,-60.018708407935435,0.4200109303903041,d3qn
108,-250.35460218319767,-254.8246021831976,-249.42292334964182,99,18.733075128481836,-65.44284037665473,0.4166508429471817,d3qn
109,-350.1401978836382,-356.06019788363795,-248.89441407397126,131,20.737565638161932,-59.58400080295348,0.41331763620360423,d3qn
110,-504.2262097425737,-509.2762097425736,-252.98903738092508,107,18.448722750608155,-67.08467394002062,0.4100110951139754,d3qn
111,-356.76423861910996,-363.5742386191101,-254.29837639127692,150,19.412104716969722,-60.32475535759513,0.4067310063530636,d3qn
112,-379.47038848686964,-383.60038848686946,-256.6185396510913,91,19.251901368544694,-51.43506265689324,0.40347715830223907,d3qn
113,-169.0445060197807,-174.70450601978064,-257.3883146658497,124,18.852381531727126,-61.763043919524584,0.40024934103582116,d3qn
114,-629.4214713314263,-637.7814713314264,-261.7749241119874,190,20.235887277022808,-70.45499519630907,0.3970473463075346,d3qn
115,-613.4269844315879,-618.8069844315878,-264.69255339610635,122,23.98555867833932,-54.47529667326184,0.3938709675370743,d3qn
116,-379.7756159001018,-385.7756159001019,-267.0355611650563,129,25.13937042232572,-72.32568851728395,0.3907199997967777,d3qn
117,-72.86441077403802,-80.004410774038,-265.8595633320602,150,21.371774107491245,-68.93031608787088,0.38759423979840346,d3qn
118,-493.4722179315206,-501.1222179315205,-269.13431318944765,165,20.867582561028428,-74.3514832120682,0.38449348588001625,d3qn
119,-319.1471379813689,-325.4371379813691,-270.92858725241325,151,24.404061595490557,-78.5814174050883,0.3814175379929761,d3qn
120,-413.6501316210747,-419.41013162107436,-274.02243615891734,126,21.99688596406563,-79.19099174421257,0.3783661976890323,d3qn
121,-285.187082982782,-300.7070829827823,-275.8520541277918,350,24.978987459529396,-71.55427391282605,0.37533926810752005,d3qn
122,-323.5359869311674,-329.86598693116736,-278.5932397105818,150,26.798088280692703,-79.00073160104063,0.3723365539626599,d3qn
123,-309.8865716675865,-317.3165716675864,-279.1343454421917,166,26.62093174659723,-77.5986054614272,0.3693578615309586,d3qn
124,-389.79513234420114,-397.80513234420135,-281.4793392911082,192,29.08957556721614,-81.23965836571001,0.36640299863871095,d3qn
125,-387.36875383335075,-400.8887538333507,-281.3527934265417,286,24.65351896213583,-67.05652395411573,0.3634717746496013,d3qn
126,-286.11821437732345,-290.3282143773233,-280.47620010831156,89,17.78008335525657,-85.24222763228478,0.3605640004524045,d3qn
127,-362.82622566235267,-371.5362256623525,-281.5400755642321,200,19.440552932267966,-72.82741169563185,0.3576794884487853,d3qn
128,-286.45750823524236,-295.15750823524223,-280.71087203134454,186,28.20603843071805,-78.72344812118928,0.354818052541195,d3qn
129,-335.079090413827,-349.21909041382713,-280.7939064605197,326,30.18911928512097,-73.67556739780827,0.3519795081208654,d3qn
130,-82.52981733060656,-90.16981733060648,-279.4375502825731,169,24.61898411382945,-81.99452452671116,0.3491636720558985,d3qn
131,-103.53425678392072,-107.91425678392069,-278.4351469321419,96,16.909076115847594,-87.4727623458263,0.3463703626794513,d3qn
132,-198.99891391906755,-204.60891391906753,-275.8277189966476,123,16.709188722318164,-65.21725981438459,0.3435993997780157,d3qn
133,-171.86609144125669,-176.81609144125667,-274.9903259006333,120,46.70641338953715,-86.43332090978187,0.34085060457979155,d3qn
134,-381.2597369821034,-392.28973698210285,-276.2449240698363,235,21.558615792695484,-72.11821138205958,0.3381237997431532,d3qn
135,-79.9509652105354,-86.1309652105354,-274.9962078493912,135,20.95868683156661,-71.5524793728489,0.33541880934520796,d3qn
136,-185.52578516635134,-192.9157851663511,-274.3503193773658,161,52.26007930927793,-65.26845375829592,0.3327354588704463,d3qn
137,-217.8308883274591,-225.92088832745915,-274.9187270847012,187,36.389799087023576,-76.66022414889912,0.3300735751994827,d3qn
138,-316.4785499907254,-323.98854999072535,-276.7532706590446,170,25.965264419421196,-79.28053078026315,0.32743298659788683,d3qn
139,-403.1422048776542,-411.482204877654,-276.324201691143,180,37.78453221869498,-78.06289677926193,0.3248135227051037,d3qn
140,-116.91972666407167,-125.56972666407177,-272.1314899563538,191,33.56071207001213,-70.29552823724602,0.3222150145234629,d3qn
141,-410.5251212009255,-417.0451212009253,-274.3657963451327,143,40.18362399824715,-81.84459725160124,0.3196372944072752,d3qn
142,-193.4541182318306,-197.6041182318305,-271.9840915106304,92,52.09889134344885,-63.0171516057868,0.317080196052017,d3qn
143,-134.56293174516918,-139.3329317451692,-270.4928406786856,105,36.71287366327202,-67.15242670806036,0.31454355448360083,d3qn
144,-212.50683827953884,-223.75683827953893,-271.9449217756183,252,38.17380323089885,-63.90512001769855,0.31202720604773204,d3qn
145,-201.820289281364,-214.37028928136377,-270.4578729269423,272,28.85525520628891,-59.71394004423501,0.30953098839935017,d3qn
146,-157.54377121993863,-163.42377121993854,-271.03511070136847,138,21.426261209083872,-71.31283093906063,0.30705474049215536,d3qn
147,-650.2018409779536,-663.7918409779537,-274.57707925667734,288,20.182688212070545,-44.74325511174143,0.3045983025682181,d3qn
148,-203.6869087388011,-210.90690873880106,-271.62201573082797,163,25.170661489079155,-56.327376787084795,0.3021615161476724,d3qn
149,-443.4895818228042,-456.39958182280395,-274.824750592384,275,31.34278659133262,-56.31701293239378,0.299744224018491,d3qn
150,-423.05289949168434,-439.79289949168395,-274.75841859436736,354,25.811038372662964,-50.83266969315792,0.2973462702263431,d3qn
151,-204.25299121655496,-212.59299121655468,-274.2904302243469,180,22.582412799094136,-43.786266771216795,0.2949675000645323,d3qn
152,-492.42462410391335,-498.30462410391334,-278.12744292716815,123,28.287288604257384,-38.42731023017347,0.29260776006401606,d3qn
153,-283.32397116219823,-287.10397116219815,-280.44427348495515,93,25.81066531964352,-44.19120707561696,0.2902668979835039,d3qn
154,-331.30060435411434,-340.79060435411384,-281.78235299023646,197,31.106049255024267,-51.082488486561154,0.2879447627996359,d3qn
155,-259.0996198153831,-261.829619815383,-281.3367023083583,57,41.01171761086834,-61.31215576873652,0.2856412046972388,d3qn
156,-489.6657080811982,-494.7757080811979,-284.57881955247035,116,34.847295950823444,-59.26273311298996,0.2833560750596609,d3qn
157,-437.3979575543668,-442.857957554367,-288.35683667644537,117,42.830489493135026,-45.48272108789196,0.2810892264591836,d3qn
158,-329.69025509324024,-335.6502550932404,-287.2538139632195,124,29.539378640840567,-48.50010797000042,0.27884051264751014,d3qn
159,-322.37553022671545,-326.22553022671536,-290.44583794483265,80,28.27180132635874,-48.709758923174775,0.27660978854633006,d3qn
160,-229.69942255727017,-240.99942255727012,-289.270497090099,235,34.673497975389935,-54.16836725628035,0.2743969102379594,d3qn
161,-317.6776368950842,-327.1976368950844,-288.0841434753631,206,22.396045132457914,-53.23495186611697,0.27220173495605576,d3qn
162,-19.956096078798367,-26.196096078798448,-284.3937840885751,132,33.135313278171935,-52.536687849429875,0.27002412107640733,d3qn
163,-232.70050624330594,-241.87050624330612,-282.8162994821533,220,22.073995617908704,-54.85235747156041,0.2678639281077961,d3qn
164,-315.1947401905659,-319.4647401905658,-282.58532834075174,89,19.607213470028174,-43.570456227364495,0.2657210166829337,d3qn
165,-308.48806811257873,-319.3280681125792,-283.9281877952655,266,26.84085355174587,-58.60862134817544,0.2635952485494702,d3qn
166,-9.656546944131563,-16.52654694413161,-283.37051618923,147,14.498949673297947,-55.498665127159654,0.2614864865610744,d3qn
167,-91.59030764571446,-104.31030764571433,-281.8281577993498,267,15.178663806178553,-52.59723285725456,0.25939459466858583,d3qn
168,-331.6756359036036,-340.63563590360326,-282.06332887551076,196,16.40778390455741,-58.17915804704893,0.2573194379112371,d3qn
169,-296.78574893501195,-306.1757489350116,-284.3410400036518,207,16.441071696883526,-50.77389530093702,0.25526088240794725,d3qn
170,-512.9552326061807,-532.3352326061802,-288.0021078047952,435,15.293248611585637,-50.55282924413668,0.2532187953486837,d3qn
171,-260.5122645266567,-275.48226452665637,-289.78513560031837,312,14.747914273529632,-49.71128471973895,0.25119304498589423,d3qn
172,-267.9383513103443,-281.9983513103443,-290.61644576907656,298,14.012136727147467,-56.7218467912891,0.24918350062600708,d3qn
173,-344.1654140463621,-353.375414046362,-293.84356675974794,201,16.45317249637446,-59.06261768670427,0.24719003262099903,d3qn
174,-394.17882547479974,-406.13882547479926,-296.213346955409,259,15.56726323999531,-54.0073516345361,0.24521251236003103,d3qn
175,-287.8014159673901,-294.0214159673896,-296.52435934307994,128,14.068347932788583,-63.475061876418366,0.24325081226115078,d3qn
176,-473.7867053052922,-490.5767053052929,-295.41100287508385,349,13.371761505889879,-50.464201920248776,0.24130480576306157,d3qn
177,-594.9639356592643,-612.1139356592638,-300.2484827906899,352,14.240605393293855,-56.91894863052423,0.23937436731695708,d3qn
178,-384.96730861094966,-394.8473086109496,-301.24091368648516,209,14.72889875828521,-56.90441103042363,0.2374593723784214,d3qn
179,-613.6872261594426,-623.907226159443,-303.6092974436119,217,16.227519562516985,-57.2735801172248,0.23555969739939403,d3qn
180,-303.46563580542636,-310.2756358054261,-303.1838485056452,150,19.259187000931853,-53.919199799342636,0.23367521982019887,d3qn
181,-616.0809613168439,-620.830961316844,-308.2263640750632,98,19.317374886760145,-72.13345117928645,0.23180581806163728,d3qn
182,-597.693423428599,-603.673423428599,-310.60843881656916,125,16.493296556738073,-43.05340756234456,0.22995137151714418,d3qn
183,-423.81173544206104,-430.6117354420611,-312.67003923464915,139,16.32646907314055,-45.0611772390256,0.228111760545007,d3qn
184,-395.80341339567184,-401.7134133956716,-314.8214710192582,138,19.9325087921966,-59.31541041252999,0.22628686646064694,d3qn
185,-466.58933697285926,-472.9593369728593,-315.86988137744726,134,18.260105635376487,-48.96545445149987,0.22447657152896178,d3qn
186,-343.97581325219886,-349.0258132521988,-314.90502515993177,119,15.50265626143432,-56.534476874302484,0.2226807589567301,d3qn
187,-542.8274391313971,-546.7074391313977,-317.5465802097426,80,17.093007355812368,-53.893521963119746,0.22089931288507625,d3qn
188,-77.31048526254003,-81.33048526253998,-316.18679944286475,108,24.321162570310552,-66.09013103335117,0.21913211838199564,d3qn
189,-415.5973842751602,-423.66738427516015,-320.2049365549386,186,30.175009540764417,-54.24476248089956,0.21737906143493968,d3qn
190,-420.8252848662407,-427.82528486624057,-320.1717260028729,161,27.037907677698133,-63.2324142920871,0.21564002894346015,d3qn
191,-226.93247968896145,-232.0824796889613,-318.74239960147554,112,33.692745014266514,-62.10589532663492,0.21391490871191246,d3qn
192,-285.1859594235744,-293.87595942357433,-319.4366260822138,184,23.40335423111973,-63.60662425661288,0.21220358944221715,d3qn
193,-180.38082199712667,-184.82082199712664,-315.0224089184282,99,29.33384603183491,-77.86403082460609,0.2105059607266794,d3qn
194,-130.51743987814967,-138.1074398781496,-313.9181555340041,156,21.904587305831,-50.21398002924191,0.20882191304086598,d3qn
195,-235.3550501492065,-243.42505014920647,-312.8281786011192,174,28.643730040367053,-54.50383930508492,0.20715133773653904,d3qn
196,-268.77946695533774,-271.9594669553377,-312.42457948448794,87,16.7444331469619,-70.60098966698726,0.20549412703464673,d3qn
197,-212.03374004073015,-220.68374004073024,-311.82548914426064,179,29.14608420077213,-62.43259658470036,0.20385017401836955,d3qn
198,-375.29711727124044,-379.6471172712405,-313.8432179810201,114,25.919489670449614,-92.74339672942615,0.20221937262622258,d3qn
199,-567.2220513063892,-573.9320513063891,-317.89872100149626,139,28.32143240591697,-84.30178741329388,0.2006016176452128,d3qn
200,-341.2188863147776,-347.4588863147773,-318.5541300805073,129,21.828205097763647,-88.4016572902002,0.1989968047040511,d3qn
201,-315.4453313928567,-318.975331392857,-318.7374610514899,97,26.897158136912935,-101.4674905438277,0.1974048302664187,d3qn
202,-291.2581825766585,-302.7481825766585,-319.70087492442946,240,27.19117127742426,-76.2195477289173,0.19582559162428734,d3qn
203,-201.84797485109902,-208.18797485109883,-319.2419945855248,134,30.97055005170219,-95.7458660472641,0.19425898689129303,d3qn
204,-182.78546682263345,-187.24546682263338,-319.01658894777535,97,46.07971481619349,-91.57102916581918,0.19270491499616269,d3qn
205,-381.4287521969459,-384.228752196946,-321.6578682140054,83,27.388290364662105,-117.00742021003632,0.19116327567619337,d3qn
206,-91.32667437761216,-99.44667437761208,-319.0276185901587,169,33.75601963442349,-74.37033778344816,0.18963396947078381,d3qn
207,-378.51024911355273,-383.86024911355264,-318.9431312532416,116,31.85987516137229,-54.035724333319116,0.18811689771501755,d3qn
208,-319.5484360082498,-326.93843600825016,-319.63506959149214,152,35.43359419160526,-65.74543304898495,0.1866119625332974,d3qn
209,1.9079699877815983,-6.60203001221835,-316.11458791277795,178,36.372011629825955,-81.68937355509154,0.18511906683303103,d3qn
210,-446.98889676792936,-450.63889676792974,-315.5422147830315,88,34.434482036884035,-128.03211849422752,0.1836381142983668,d3qn
211,-275.1137100588415,-280.6037100588413,-314.72570949742885,114,34.17019821068404,-93.2251361654526,0.18216900938397987,d3qn
212,-327.0736504115257,-333.63365041152576,-314.20174211667546,136,41.7698921215195,-98.70801701411744,0.18071165730890804,d3qn
213,-305.65842302067813,-312.91842302067823,-315.5678812866844,150,35.14440511087476,-94.96903737468011,0.17926596405043677,d3qn
214,-395.89442357714245,-404.46442357714255,-313.23261080914153,193,30.632406128785515,-87.7723409931658,0.17783183633803326,d3qn
215,-76.2911821964945,-82.45118219649447,-307.86125278679066,128,27.128298020710957,-87.43847357336873,0.176409181647329,d3qn
216,-235.75356111656004,-240.97356111655995,-306.42103223895515,117,34.016850302926734,-101.89949780493372,0.17499790819415037,d3qn
217,-120.6746195570141,-131.84461955701414,-306.8991343267849,239,28.237195992072518,-75.65933392004582,0.17359792492859716,d3qn
218,-250.66266531367071,-265.3326653136702,-304.4710388006065,303,26.011710215749932,-72.57274086325616,0.17220914152916839,d3qn
219,-254.10233666191158,-259.3923366619114,-303.82059078741185,107,29.800618381185252,-88.57586277919366,0.17083146839693503,d3qn
220,-259.4666546162133,-271.6466546162133,-302.27875601736326,249,28.295030042861498,-70.22454374713412,0.16946481664975954,d3qn
221,-285.4498402721847,-300.31984027218414,-302.28138359025724,310,27.46653116564106,-68.48797728670625,0.16810909811656147,d3qn
222,-384.23519935603184,-396.93519935603155,-302.8883757145059,266,29.927791100859427,-67.75823204911102,0.16676422533162896,d3qn
223,-255.9656001569373,-270.26560015693707,-302.3491659993994,295,27.436105521994566,-59.62895108232436,0.16543011152897594,d3qn
224,-217.20395947534996,-230.14395947534967,-300.62325427071096,269,30.151439326271536,-63.414673228102934,0.16410667063674414,d3qn
225,-173.71579596691032,-184.92579596691024,-298.48672469204655,232,35.128923650109364,-55.72839065187821,0.16279381727165018,d3qn
226,-187.6443114801711,-195.434311480171,-297.501985663075,166,37.52585662314121,-54.84696025619257,0.16149146673347697,d3qn
227,-225.58714297356838,-235.6471429735683,-296.12959483618715,203,35.1571279573607,-45.97610825186751,0.16019953499960915,d3qn
228,-255.36868731392866,-263.59868731392856,-295.818706626974,173,45.38338658346062,-52.60318089861552,0.15891793871961227,d3qn
229,-182.8483141064147,-191.5383141064146,-294.29639886389987,181,40.964081477790174,-45.99328598036743,0.15764659520985536,d3qn
230,-328.0404222864399,-339.9004222864398,-296.75150491345823,245,40.92085839273274,-53.89491210773713,0.15638542244817652,d3qn
231,-234.4571878313207,-247.36718783132045,-298.06073422393223,263,38.201370676494086,-45.51931829088959,0.15513433906859111,d3qn
232,-199.0309979593472,-210.0709979593473,-298.061055064335,228,42.66152195700652,-33.47373312839004,0.1538932643560424,d3qn
233,-304.07650096316945,-315.09650096316943,-299.3831591595541,227,33.2712939585641,-47.85590315069914,0.15266211824119405,d3qn
234,-373.4122052745975,-384.88220527459754,-299.3046838424791,236,33.52897841081785,-31.1143747542267,0.1514408212952645,d3qn
235,-442.2905526826512,-462.32055268265105,-302.92807971720026,412,37.83523369374762,-34.864349601447756,0.1502292947249024,d3qn
236,-380.0399306398207,-387.9599306398207,-304.873221171935,168,30.94168540616467,-36.082361400464166,0.14902746036710318,d3qn
237,-431.7418169389087,-437.6518169389085,-307.01233045804946,120,51.41980102024493,-48.999992097116646,0.14783524068416634,d3qn
238,-68.18834218255058,-75.19834218255046,-304.52942837996767,148,41.63231056765007,-34.25160961551785,0.146652558758693,d3qn
239,-594.430274895125,-598.580274895125,-306.4423090801424,101,55.95007471716467,-28.320096305549132,0.14547933828862347,d3qn
240,-457.8285988734164,-461.49859887341637,-309.85139780223585,77,45.15859504176414,-14.990565804479827,0.14431550358231449,d3qn
241,-471.8159506291327,-475.61595062913267,-310.46430609651793,79,46.57124259788693,-8.813084582754088,0.14316097955365598,d3qn
242,-619.4258505740497,-623.7458505740499,-314.7240234199402,87,45.945766149355336,-41.464052148948696,0.14201569171722672,d3qn
243,-512.9869642413853,-516.7969642413852,-318.5082637449023,78,28.489033231642185,-0.6552667811770593,0.1408795661834889,d3qn
244,-106.87241881912757,-108.41241881912754,-317.4519195502982,62,34.7422216110269,-41.80229402703247,0.139752529654021,d3qn
245,-533.1005417078945,-536.6405417078946,-320.7647220745635,72,38.34745919915128,-57.782629206516425,0.13863450941678881,d3qn
246,-344.1494028908237,-346.3194028908239,-322.6307783912723,62,43.42742736963903,-16.105816031348812,0.1375254333414545,d3qn
247,-77.77085744668936,-82.73085744668953,-316.9064685559597,101,42.649826196110965,-12.815834978010733,0.13642522987472286,d3qn
248,-274.24320573796905,-277.25320573796887,-317.6120315259514,68,31.969183597028557,-60.36548104408818,0.13533382803572508,d3qn
249,-225.40140384852378,-228.6914038485237,-315.4311497462085,70,38.97848963975604,-37.420111077022824,0.13425115741143928,d3qn
250,-134.82020238283832,-140.0702023828382,-312.5488227751201,120,33.03071897594899,-33.092947823621664,0.13317714815214776,d3qn
251,-124.61078724088532,-127.94078724088519,-311.7524007353634,69,38.274446571933005,-27.86924603180941,0.13211173096693057,d3qn
252,-287.16980295677524,-290.30980295677534,-309.699852523892,64,32.86160974164545,-13.666907564713291,0.13105483711919513,d3qn
253,-715.7498919933645,-719.8998919933653,-314.02411173220366,86,33.21486478897564,1.2788173263004148,0.13000639842224157,d3qn
254,-353.33592221523924,-355.9959222152392,-314.24446491081494,55,32.71313921363904,-72.25202726636144,0.12896634723486364,d3qn
255,-437.41492734189967,-444.53492734189956,-316.0276179860801,149,35.13626498353541,-3.453015396227692,0.12793461645698473,d3qn
256,-78.43345283360222,-80.63345283360219,-311.9152954336041,68,34.509120053632834,-56.32520655623957,0.12691113952532884,d3qn
257,-180.27859215041832,-183.24859215041818,-309.3441017795647,66,23.713885742543752,-55.2911269999233,0.1258958504091262,d3qn
258,-233.4331325580892,-238.10313255808904,-308.38153055421316,115,33.97796235665626,-59.66411107767361,0.1248886836058532,d3qn
259,-230.9218094365001,-233.89180943649995,-307.466993346311,90,31.982054883794493,-67.7337894880299,0.12388957413700638,d3qn
260,-662.4074330108183,-667.8974330108188,-311.7940734508465,111,37.554061117954255,-39.79155006619458,0.12289845754391032,d3qn
261,-266.21940165990327,-268.64940165990333,-311.2794910984947,87,31.661456307329935,-73.31533775293921,0.12191526988355904,d3qn
262,-438.7736813594036,-444.0336813594037,-315.4676669513007,125,25.214867573645705,-49.139009508079454,0.12093994772449057,d3qn
263,-368.11071944905154,-373.1107194490514,-316.8217690833582,100,33.40639372020596,-22.606674161679024,0.11997242814269464,d3qn
264,-281.52380665752435,-284.7338066575245,-316.48505974802777,84,37.63597360642932,-64.66010272911876,0.11901264871755309,d3qn
265,-135.66285439212908,-139.39285439212924,-314.7568076108233,119,28.534567727023777,-59.38680826965645,0.11806054752781266,d3qn
266,-137.8606190614202,-139.48061906142033,-316.0388483319962,66,27.59742946537134,-81.75675916283198,0.11711606314759015,d3qn
267,-262.4312555115471,-265.661255511547,-317.7472578106545,97,30.918380571616694,-81.3830203256175,0.11617913464240943,d3qn
268,-118.79039856886726,-124.93039856886735,-315.6184054373071,160,26.063286875591956,-58.441393110087915,0.11524970156527016,d3qn
269,-285.7748820695128,-290.744882069513,-315.50829676865214,139,25.739111154810853,-66.33539323562916,0.114327703952748,d3qn
270,-300.64113398509284,-308.92113398509287,-313.38515578244125,189,26.665813960056607,-69.55282722518731,0.11341308232112601,d3qn
271,-74.87827441170843,-82.6982744117083,-311.5288158812918,172,19.77740408558044,-72.92670494748904,0.11250577766255701,d3qn
272,-179.84781260554598,-186.25781260554584,-310.64791049424383,148,24.391003007221922,-80.59403522030948,0.11160573144125656,d3qn
273,-267.3721656677847,-271.1621656677848,-309.879978010458,92,19.880160378591224,-88.1240011209481,0.1107128855897265,d3qn
274,-260.0876063474682,-265.1176063474682,-308.5390658191847,130,22.22006105635023,-80.53704899573455,0.10982718250500868,d3qn
275,-441.96255165676644,-448.4925516567667,-310.08067717607844,145,25.546322587004667,-82.11531721180133,0.10894856504496861,d3qn
276,-246.16359491249995,-252.67359491249994,-307.80444607215054,156,24.07343305913224,-73.35048016632543,0.10807697652460886,d3qn
277,-77.09474411221689,-80.49474411221695,-302.62575415668005,104,24.14618721351025,-93.72987316650054,0.10721236071241198,d3qn
278,-380.7449831918845,-389.15498319188424,-302.58353090248943,176,29.04421317695119,-85.00927246545581,0.10635466182671269,d3qn
279,-299.386196338642,-310.626196338642,-299.44052060428135,250,26.752567478975877,-86.81931119689744,0.10550382453209899,d3qn
280,-474.00447186931757,-480.8144718693178,-301.1459089649203,150,23.647137782150846,-92.24691877563514,0.1046597939358422,d3qn
281,-363.5214968794259,-371.4114968794259,-298.62031432054613,186,22.754080841692485,-90.71620775600834,0.10382251558435546,d3qn
282,-402.9378290083028,-412.80782900830224,-296.67275837634315,219,27.72106616390838,-93.3573757792441,0.1029919354596806,d3qn
283,-27.270562329039393,-31.380562329039293,-292.70734664521297,84,33.34877236897799,-91.50115990037064,0.10216799997600316,d3qn
284,-232.99072685827335,-244.65072685827317,-291.0792197798389,250,23.728901123287546,-91.9942774368743,0.10135065597619514,d3qn
285,-246.97445225132532,-250.21445225132527,-288.8830709326236,108,19.640404877852625,-99.38226494383225,0.10053985072838557,d3qn
286,-428.1514050150736,-438.26140501507354,-289.7248268502524,249,23.387244890036925,-87.9000939293029,0.09973553192255849,d3qn
287,-202.60627831379094,-206.15627831379086,-286.32261524207627,110,25.02212204047658,-89.99299343846383,0.09893764766717802,d3qn
288,-195.32038358898888,-203.27038358898875,-287.50271422534075,168,17.706936785332022,-88.09438439834267,0.0981461464858406,d3qn
289,-211.11920384587378,-218.41920384587362,-285.4579324210479,146,23.486581749028307,-79.41611445230662,0.09736097731395386,d3qn
290,-357.2965957065317,-367.8365957065322,-284.82264552945077,257,18.955434807123048,-78.21318041811288,0.09658208949544224,d3qn
291,-283.3100974580643,-291.3100974580642,-285.38642170714184,226,19.43450772744549,-76.74915758337013,0.0958094327794787,d3qn
292,-244.7183564860334,-249.87835648603328,-284.98174567776647,117,23.136720471259473,-75.17246448654099,0.09504295731724287,d3qn
293,-255.89894151860526,-266.24894151860565,-285.73692687298126,231,17.851881276135398,-70.23487528151011,0.09428261365870493,d3qn
294,-343.83014972418647,-349.34014972418635,-287.8700539714416,133,16.251435989157276,-75.77609766033277,0.09352835274943529,d3qn
295,-212.47485258583367,-217.82485258583364,-287.6412519958079,110,15.997762251064946,-66.89145368544034,0.09278012592743981,d3qn
296,-47.3876335933511,-52.46763359335124,-285.42733366218806,107,18.458964477739034,-59.0772896142337,0.0920378849200203,d3qn
297,-280.813984330002,-285.2939843300018,-286.11513610508075,122,18.576349381830692,-73.04469765871094,0.09130158184066013,d3qn
298,-170.97913418793917,-174.0591341879391,-284.0719562742477,82,17.324421909347866,-73.27488800094319,0.09057116918593484,d3qn
299,-219.55445779258469,-224.48445779258483,-280.59528033910965,110,16.6321720416887,-63.932549781446276,0.08984659983244736,d3qn
300,-216.20169408520638,-221.3516940852062,-279.3451084168139,106,20.158145021299102,-63.379356994369694,0.08912782703378778,d3qn
301,-137.1639194565231,-143.233919456523,-277.5622942974506,125,18.572887050792914,-61.81842567282876,0.08841480441751748,d3qn
302,-289.7515312084231,-295.12153120842305,-277.5472277837682,108,20.811312652427766,-64.15332094038399,0.08770748598217734,d3qn
303,-259.3785180274524,-264.76851802745244,-278.1225332155318,109,31.61897138570572,-65.6038952178158,0.08700582609431992,d3qn
304,-225.32046574147563,-231.1104657414756,-278.5478832047202,135,17.836680499846914,-64.71610198823842,0.08630977948556535,d3qn
305,-186.18233888660416,-189.8623388866041,-276.5954190716168,97,16.920878773292284,-68.75734874285432,0.08561930124968083,d3qn
306,-208.06865231124584,-213.30865231124608,-277.76283885095313,112,20.10052678799706,-56.30513877844477,0.08493434683968339,d3qn
307,-199.52171055059847,-204.06171055059832,-275.97295346532354,104,16.707577277969186,-67.88618426171338,0.08425487206496592,d3qn
308,-33.05049242801884,-37.31049242801875,-273.10797402952124,87,23.229653658430035,-54.428133271110866,0.08358083308844619,d3qn
309,-200.64111504382896,-205.19111504382886,-275.1334648798374,94,21.904949307590638,-43.61791847959717,0.08291218642373861,d3qn
310,-168.95117995246284,-173.79117995246324,-272.3530877116827,98,26.00831712117668,-46.8326453122682,0.0822488889323487,d3qn
311,-265.1636659104037,-270.16366591040367,-272.25358727019835,100,25.63178494628703,-65.0315072138038,0.08159089782088992,d3qn
312,-340.5949573531391,-344.9249573531389,-272.3888003396145,101,20.62743724256331,-71.4128959052507,0.0809381706383228,d3qn
313,-327.24079187247514,-330.40079187247534,-272.60462402813243,71,25.817200483004097,-47.934458108763366,0.08029066527321622,d3qn
314,-322.8119098323267,-327.2419098323266,-271.8737988906843,97,25.90088688693082,-73.5651376197533,0.07964833995103049,d3qn
315,-449.57594430709366,-453.64594430709377,-275.6066465117903,82,23.546337659993146,-33.405657645008446,0.07901115323142224,d3qn
316,-397.7386466666886,-402.4286466666889,-277.2264973672916,95,26.898361522764745,-72.20939188313407,0.07837906400557086,d3qn
317,-89.59139270997987,-91.76139270997984,-276.91566509882125,71,27.559633343282627,-71.68133002127972,0.07775203149352629,d3qn
318,-178.9092591783033,-183.71925917830316,-276.1981310374676,104,25.237152073913474,-63.707819326944374,0.07713001524157807,d3qn
319,-354.74333417145453,-360.8033341714545,-277.204541012563,123,21.72887214335134,-70.25324972399,0.07651297511964544,d3qn
320,-228.0489585713763,-232.32895857137618,-276.89036405211465,88,22.271617723255897,-78.85958597866922,0.07590087131868828,d3qn
321,-240.69663268630975,-244.41663268630987,-276.4428319762559,111,27.862649710821458,-69.28251602244762,0.07529366434813878,d3qn
322,-371.7260538093755,-377.9960538093753,-276.3177405207893,126,24.239907452119905,-75.73134199726809,0.07469131503335366,d3qn
323,-383.5596079901962,-389.2796079901962,-277.5936805991219,115,22.78135241778902,-71.73264258097238,0.07409378451308683,d3qn
324,-188.57186261739173,-192.8018626173917,-277.30735963054235,144,30.157762415477166,-74.57832772476769,0.07350103423698214,d3qn
325,-126.54445950424625,-131.77445950424612,-276.83564626591567,122,28.179726712429257,-65.68542940432775,0.07291302596308628,d3qn
326,-267.54995405075647,-272.48995405075635,-277.6347026916215,112,28.622940420904495,-75.75128886880063,0.07232972175538159,d3qn
327,-95.02001454665857,-100.1600145466586,-276.32903140735243,113,29.187345562541218,-66.96130579377221,0.07175108398133853,d3qn
328,-167.70313955073846,-171.98313955073854,-275.4523759297206,121,30.288084688381897,-61.606172936014346,0.07117707530948782,d3qn
329,-417.0734737414422,-422.09347374144227,-277.7946275260708,107,35.74034530153479,-88.213289226155,0.07060765870701191,d3qn
330,-589.7933921636,-596.1333921636002,-280.4121572248425,131,43.81843693546988,-87.14983883099217,0.07004279743735582,d3qn
331,-306.9977099311424,-312.22770993114244,-281.1375624458407,128,36.00975480234968,-82.43787085456124,0.06948245505785698,d3qn
332,-383.36726149559246,-388.75726149559256,-282.9809250812031,136,31.257455481667897,-88.39182215010366,0.06892659541739413,d3qn
333,-477.43092337689586,-483.0209233768961,-284.71446930534034,119,41.01109175502886,-94.37874188381247,0.06837518265405497,d3qn
334,-356.35878315424907,-361.7787831542491,-284.5439350841369,118,40.32981577363893,-90.72406931007149,0.06782818119282252,d3qn
335,-334.1878202042087,-339.4778202042085,-283.46290775935245,113,40.48243660250313,-83.51274927764221,0.06728555574327995,d3qn
336,-125.86366859275245,-129.4536685927524,-280.92114513888174,88,32.83165231094035,-85.1993647073223,0.06674727129733371,d3qn
337,-212.5138793439549,-218.16387934395476,-278.72886576293223,122,37.0807027856901,-81.42257604219212,0.06621329312695504,d3qn
338,-491.5009461816285,-499.22094618162885,-282.961991802923,164,51.427773290647366,-102.71669797723078,0.06568358678193939,d3qn
339,-328.9195410266371,-334.2095410266368,-280.3068844642381,116,41.72467431570297,-93.10908016403175,0.06515811808768388,d3qn
340,-366.6444536217157,-370.8344536217158,-279.3950430117211,106,49.487546253302334,-102.71643276111546,0.0646368531429824,d3qn
341,-387.5056502487636,-393.535650248764,-278.5519400079175,144,48.30679284553806,-93.94512981432591,0.06411975831783853,d3qn
342,-230.0938018181306,-234.2638018181305,-274.65861952035823,99,54.67680304442345,-96.93496418690526,0.06360680025129582,d3qn
343,-174.13665036900449,-178.95665036900502,-271.2701163816344,109,53.90256229110136,-71.09693461285012,0.06309794584928545,d3qn
344,-248.66983788239634,-253.3998378823967,-272.68809057226713,97,56.347721266691714,-80.44783193945644,0.06259316228249116,d3qn
345,-144.90429460275917,-149.85429460275958,-268.80612810121573,102,54.876418110356305,-68.3214655311336,0.062092416984231236,d3qn
346,-110.44206539320493,-115.38206539320488,-266.46905472623956,100,45.41413635306172,-77.56630793182143,0.06159567764835738,d3qn
347,-399.3361999999719,-404.23619999997175,-269.6847081517724,101,41.54979770812469,-94.38784717913504,0.06110291222717052,d3qn
348,-304.16064638913406,-308.920646389134,-269.98388255828405,100,44.45901838242565,-94.20397345317544,0.06061408892935315,d3qn
349,-281.77096575487326,-285.77096575487326,-270.54757817734753,101,64.82115199527856,-105.67243875957698,0.06012917621791833,d3qn
350,-259.0899897589809,-263.87998975898097,-271.79027605110895,100,50.497970328289114,-96.54553338762167,0.05964814280817498,d3qn
351,-302.8538564565236,-306.47385645652355,-273.5727067432653,82,37.241467730521954,-112.43484075440723,0.05917095766570958,d3qn
352,-202.29876548488448,-207.1487654848845,-272.7239963685464,106,44.1814512598786,-100.88583243958153,0.058697590004383904,d3qn
353,-130.17196840326926,-135.79196840326912,-266.8682171326455,119,52.44748223761849,-93.40036835808863,0.05822800928434883,d3qn
354,-183.98120877500907,-187.82120877500904,-265.1746699982432,87,48.97970345924085,-106.32981408756359,0.05776218521007404,d3qn
355,-446.6566158291281,-452.32661582912823,-265.2670868831155,120,51.0242521159439,-101.34998040081304,0.05730008772839345,d3qn
356,-265.9160158919232,-269.7760158919233,-267.1419125136987,85,47.37903107919699,-112.32349530884544,0.0568416870265663,d3qn
357,-223.77498698251014,-228.98498698251035,-267.5768764620196,106,43.51158189864775,-105.16208081290503,0.05638695353035377,d3qn
358,-267.1755856127877,-270.54558561278765,-267.91430099256655,68,36.56891734704583,-63.62161170695113,0.05593585790211094,d3qn
359,-205.31672191745153,-211.11672191745146,-267.6582501173761,122,52.388752430137934,-88.78472739678531,0.05548837103889405,d3qn
360,-236.6927505477363,-245.93275054773653,-263.40110329274523,189,55.041992878812195,-77.81018238198605,0.055044464070582895,d3qn
361,26.80735935736864,20.197359357368626,-260.47083568257256,134,46.65563231096111,-86.5897712822555,0.05460410835801823,d3qn
362,-179.42146486402908,-183.71146486402898,-257.8773135176188,96,53.53020455179492,-100.7822327555972,0.054167275491154084,d3qn
363,-108.8651809130599,-116.5451809130599,-255.28485813225888,162,57.623723563835675,-80.1908160499774,0.05373393728722485,d3qn
364,-112.77040457544663,-121.22040457544657,-253.59732411143813,181,45.0956356474539,-83.36210664965296,0.05330406578892705,d3qn
365,4.109576849751477,-1.0904231502484834,-252.19959979901935,116,46.69731610289031,-82.84471277788575,0.05287763326261564,d3qn
366,-12.272669688045497,-21.19266968804547,-250.94372030528558,188,43.45823403565866,-68.91325113090238,0.05245461219651471,d3qn
367,-80.96415594195123,-92.36415594195128,-249.12904930958962,237,47.03826350578243,-69.52478481274514,0.0520349752989426,d3qn
368,8.876211718069413,1.9262117180693252,-247.85238320672022,169,47.610143726964615,-56.69661241976458,0.051618695496551056,d3qn
369,-29.99674918020861,-37.996749180208575,-245.29460187782718,172,57.36583788444886,-55.68228757736798,0.05120574593257865,d3qn
370,-78.37483408049047,-89.01483408049053,-243.07193887878114,229,44.81661706348131,-50.314790871599406,0.05079609996511802,d3qn
371,-60.58877386055192,-71.28877386055201,-242.92904387326962,223,47.60031369485367,-50.83722861203733,0.05038973116539707,d3qn
372,19.961267344487084,8.401267344487238,-240.93095307376927,257,45.69039653679623,-43.342408016947395,0.05,d3qn
373,232.68706171819682,203.00706171819627,-235.93036079990944,605,42.46296438438032,-40.00919106770783,0.05,d3qn
374,-63.66337417398614,-84.04337417398546,-233.96611847817465,506,45.260024168178944,-31.613835934946206,0.05,d3qn
375,31.497427159294972,13.427427159295405,-229.231518690014,386,49.90210358045422,-22.460297562246392,0.05,d3qn
376,-102.86842112836436,-151.6384211283643,-227.7985669521727,1000,50.387809226913085,-12.54975738147938,0.05,d3qn
377,-9.231767984752665,-58.48176798475189,-227.119937190898,1000,41.602689253517795,1.8232949958348519,0.05,d3qn
378,-20.529157559523284,-28.769157559523222,-223.5177789345744,172,34.968157818756936,30.79501386699691,0.05,d3qn
379,-151.07224916865454,-158.76224916865465,-222.0346394628745,167,34.442653734092104,31.81848650049525,0.05,d3qn
380,220.0598422811967,191.66984228119657,-215.09399632136933,635,34.91292842974299,16.7917126423987,0.05,d3qn
381,241.97384180800856,224.06384180800853,-209.03904293449506,381,26.85370372008111,28.451118558853626,0.05,d3qn
382,-65.79027360208963,-74.28027360208947,-205.66756738043293,171,20.870099458897613,51.141073352964476,0.05,d3qn
383,-73.3898948551064,-78.87989485510636,-206.12876070569357,123,23.81009206360819,65.03271195300182,0.05,d3qn
384,-237.6890905155363,-245.27909051553615,-206.17574434226623,156,34.63336267509254,52.12323361872428,0.05,d3qn
385,-62.523396279789836,-72.38339627978976,-204.33123378255084,202,25.980137339711895,51.14305405425962,0.05,d3qn
386,-40.180519305999056,-50.260519305999026,-200.45152492546015,219,41.89671667885685,53.728987298429736,0.05,d3qn
387,202.17524854243868,172.45524854243843,-196.4037096568978,643,35.72378183267042,32.90552720789271,0.05,d3qn
388,-239.8727365601914,-248.0227365601914,-196.8492331866098,169,39.76989737993031,67.98201216779007,0.05,d3qn
389,1.12811449082119,-10.131885509178701,-194.7267600032429,248,47.50662615244274,60.5807268391253,0.05,d3qn
390,-425.840472457707,-436.0604724577069,-195.41219877075466,208,43.118156362709435,56.28788336418627,0.05,d3qn
391,-132.89686799138025,-138.17686799138008,-193.90806647608784,111,51.85404796567214,75.6296346521194,0.05,d3qn
392,-371.4093254431151,-378.0193254431149,-195.17497616565862,143,61.05985394666371,60.20645158130624,0.05,d3qn
393,-212.6633826798797,-221.3533826798797,-194.74262057727137,175,52.145894167957614,61.660208279463134,0.05,d3qn
394,-127.32405398819692,-133.0440539881968,-192.57755961991148,115,72.95423165442651,67.00805690317831,0.05,d3qn
395,19.581821528519654,10.341821528519773,-190.25699287876793,189,53.48405389494854,61.959284549100516,0.05,d3qn
396,-272.16253992162484,-281.2925399216249,-192.50474194205069,203,69.58423233205966,71.13992878495867,0.05,d3qn
397,-22.001102458917785,-27.641102458917743,-189.91661312333986,117,87.42960488330156,66.64445164410657,0.05,d3qn
398,-253.12805529152428,-260.53805529152413,-190.73810233437572,150,80.20179035312552,68.36089167666621,0.05,d3qn
399,-363.9890374222253,-370.81903742222505,-192.1824481306721,142,91.02388995450971,73.189689356186,0.05,d3qn
